ward_code,ward_name,kind,area_code,source_summary
22015,Phường Tuy Hòa,PHUONG,KV2,Default: Phường tỉnh
22045,Phường Bình Kiến,PHUONG,KV1,KK/ĐBKK (1 old xã)
22051,Phường Sông Cầu,PHUONG,KV1,KK/ĐBKK (2 old xã)
22057,Xã Xuân Lộc,XA,KV1,KK/ĐBKK (1 old xã)
22060,Xã Xuân Cảnh,XA,KV1,KK/ĐBKK (3 old xã)
22075,Xã Xuân Thọ,XA,KV1,KK/ĐBKK (2 old xã)
22076,Phường Xuân Đài,PHUONG,KV2,Default: Phường tỉnh
22081,Xã Đồng Xuân,XA,KV1,KK/ĐBKK (7 old xã)
22090,Xã Xuân Lãnh,XA,KV1,KK/ĐBKK (2 old xã)
22096,Xã Phú Mỡ,XA,KV1,KK/ĐBKK (2 old xã)
22111,Xã Xuân Phước,XA,KV1,KK/ĐBKK (3 old xã)
22114,Xã Tuy An Bắc,XA,KV2-NT,Default: Xã tỉnh
22120,Xã Tuy An Đông,XA,KV1,KK/ĐBKK (2 old xã)
22132,Xã Tuy An Tây,XA,KV1,KK/ĐBKK (4 old xã)
22147,Xã Ô Loan,XA,KV1,KK/ĐBKK (3 old xã)
22153,Xã Tuy An Nam,XA,KV1,KK/ĐBKK (4 old xã)
22165,Xã Sơn Hòa,XA,KV1,KK/ĐBKK (7 old xã)
22171,Xã Tây Sơn,XA,KV1,KK/ĐBKK (3 old xã)
22177,Xã Vân Hòa,XA,KV1,KK/ĐBKK (4 old xã)
22192,Xã Suối Trai,XA,KV1,KK/ĐBKK (2 old xã)
22207,Xã Sông Hinh,XA,KV1,KK/ĐBKK (3 old xã)
22222,Xã Đức Bình,XA,KV1,KK/ĐBKK (5 old xã)
22225,Xã Ea Bá,XA,KV1,KK/ĐBKK (1 old xã)
22237,Xã Ea Ly,XA,KV1,KK/ĐBKK (1 old xã)
22240,Phường Phú Yên,PHUONG,KV2,Default: Phường tỉnh
22250,Xã Sơn Thành,XA,KV1,KK/ĐBKK (4 old xã)
22255,Xã Tây Hòa,XA,KV2-NT,Default: Xã tỉnh
22258,Phường Đông Hòa,PHUONG,KV2,Default: Phường tỉnh
22261,Phường Hòa Hiệp,PHUONG,KV1,KK/ĐBKK (1 old xã)
22276,Xã Hòa Thịnh,XA,KV1,KK/ĐBKK (1 old xã)
22285,Xã Hòa Mỹ,XA,KV1,KK/ĐBKK (1 old xã)
22291,Xã Hòa Xuân,XA,KV1,KK/ĐBKK (2 old xã)
22303,Xã Phú Hòa 2,XA,KV2-NT,Default: Xã tỉnh
22319,Xã Phú Hòa 1,XA,KV1,KK/ĐBKK (1 old xã)
24121,Phường Tân Lập,PHUONG,KV1,KK/ĐBKK (3 old xã)
24133,Phường Buôn Ma Thuột,PHUONG,KV1,KK/ĐBKK (6 old xã)
24154,Phường Thành Nhất,PHUONG,KV1,KK/ĐBKK (2 old xã)
24163,Phường Tân An,PHUONG,KV1,KK/ĐBKK (3 old xã)
24169,Phường Ea Kao,PHUONG,KV1,KK/ĐBKK (2 old xã)
24175,Xã Hòa Phú,XA,KV1,KK/ĐBKK (3 old xã)
24181,Xã Ea Drăng,XA,KV1,KK/ĐBKK (4 old xã)
24184,Xã Ea H’Leo,XA,KV2-NT,Default: Xã tỉnh
24187,Xã Ea Hiao,XA,KV1,KK/ĐBKK (2 old xã)
24193,Xã Ea Wy,XA,KV1,KK/ĐBKK (3 old xã)
24208,Xã Ea Khăl,XA,KV1,KK/ĐBKK (5 old xã)
24211,Xã Ea Súp,XA,KV1,KK/ĐBKK (2 old xã)
24214,Xã Ia Lốp,XA,KV1,KK/ĐBKK (1 old xã)
24217,Xã Ea Rốk,XA,KV1,KK/ĐBKK (3 old xã)
24221,Xã Ia Rvê,XA,KV1,KK/ĐBKK (1 old xã)
24229,Xã Ea Bung,XA,KV1,KK/ĐBKK (3 old xã)
24235,Xã Buôn Đôn,XA,KV1,KK/ĐBKK (1 old xã)
24241,Xã Ea Wer,XA,KV1,KK/ĐBKK (3 old xã)
24250,Xã Ea Nuôl,XA,KV1,KK/ĐBKK (4 old xã)
24259,Xã Quảng Phú,XA,KV1,KK/ĐBKK (6 old xã)
24265,Xã Ea Kiết,XA,KV1,KK/ĐBKK (2 old xã)
24277,Xã Ea Tul,XA,KV1,KK/ĐBKK (3 old xã)
24280,Xã Cư M’gar,XA,KV1,KK/ĐBKK (2 old xã)
24286,Xã Ea M’Droh,XA,KV1,KK/ĐBKK (2 old xã)
24301,Xã Cuôr Đăng,XA,KV1,KK/ĐBKK (1 old xã)
24305,Phường Buôn Hồ,PHUONG,KV1,KK/ĐBKK (6 old xã)
24310,Xã Krông Búk,XA,KV1,KK/ĐBKK (2 old xã)
24313,Xã Cư Pơng,XA,KV1,KK/ĐBKK (2 old xã)
24316,Xã Pơng Drang,XA,KV1,KK/ĐBKK (5 old xã)
24328,Xã Ea Drông,XA,KV1,KK/ĐBKK (3 old xã)
24340,Phường Cư Bao,PHUONG,KV1,KK/ĐBKK (3 old xã)
24343,Xã Krông Năng,XA,KV1,KK/ĐBKK (4 old xã)
24346,Xã Dliê Ya,XA,KV1,KK/ĐBKK (2 old xã)
24352,Xã Tam Giang,XA,KV1,KK/ĐBKK (3 old xã)
24364,Xã Phú Xuân,XA,KV1,KK/ĐBKK (3 old xã)
24373,Xã Ea Kar,XA,KV1,KK/ĐBKK (9 old xã)
24376,Xã Ea Knốp,XA,KV1,KK/ĐBKK (3 old xã)
24400,Xã Ea Păl,XA,KV1,KK/ĐBKK (3 old xã)
24403,Xã Ea Ô,XA,KV1,KK/ĐBKK (3 old xã)
24406,Xã Cư Yang,XA,KV1,KK/ĐBKK (1 old xã)
24412,Xã M’Drắk,XA,KV1,KK/ĐBKK (5 old xã)
24415,Xã Cư Prao,XA,KV1,KK/ĐBKK (2 old xã)
24433,Xã Ea Riêng,XA,KV1,KK/ĐBKK (5 old xã)
24436,Xã Cư M’ta,XA,KV2-NT,Default: Xã tỉnh
24444,Xã Krông Á,XA,KV1,KK/ĐBKK (2 old xã)
24445,Xã Ea Trang,XA,KV1,KK/ĐBKK (1 old xã)
24448,Xã Krông Bông,XA,KV1,KK/ĐBKK (4 old xã)
24454,Xã Dang Kang,XA,KV1,KK/ĐBKK (3 old xã)
24472,Xã Hòa Sơn,XA,KV1,KK/ĐBKK (3 old xã)
24478,Xã Cư Pui,XA,KV1,KK/ĐBKK (2 old xã)
24484,Xã Yang Mao,XA,KV1,KK/ĐBKK (2 old xã)
24490,Xã Krông Pắc,XA,KV1,KK/ĐBKK (5 old xã)
24496,Xã Ea Kly,XA,KV1,KK/ĐBKK (2 old xã)
24502,Xã Ea Phê,XA,KV1,KK/ĐBKK (3 old xã)
24505,Xã Ea Knuếc,XA,KV1,KK/ĐBKK (3 old xã)
24526,Xã Tân Tiến,XA,KV1,KK/ĐBKK (3 old xã)
24529,Xã Vụ Bổn,XA,KV1,KK/ĐBKK (1 old xã)
24538,Xã Krông Ana,XA,KV2-NT,Default: Xã tỉnh
24540,Xã Ea Ning,XA,KV1,KK/ĐBKK (3 old xã)
24544,Xã Ea Ktur,XA,KV1,KK/ĐBKK (2 old xã)
24559,Xã Ea Na,XA,KV2-NT,Default: Xã tỉnh
24561,Xã Dray Bhăng,XA,KV1,KK/ĐBKK (5 old xã)
24568,Xã Dur Kmăl,XA,KV2-NT,Default: Xã tỉnh
24580,Xã Liên Sơn Lắk,XA,KV1,KK/ĐBKK (3 old xã)
24595,Xã Đắk Liêng,XA,KV1,KK/ĐBKK (5 old xã)
24598,Xã Đắk Phơi,XA,KV1,KK/ĐBKK (2 old xã)
24604,Xã Krông Nô,XA,KV1,KK/ĐBKK (1 old xã)
24607,Xã Nam Ka,XA,KV1,KK/ĐBKK (2 old xã)
